[
    {
        "postId": 1,
        "id": 1,
        "name": "Jibz Erns",
        "email": "ernesto@jibz.biz",
        "body": "Please dont!"
    },
    {
        "postId": 1,
        "id": 2,
        "name": "Mikee Kee",
        "email": "mikee@kee.com",
        "body": "Might be a reply"
    },
    {
        "postId": 2,
        "id": 3,
        "name": "Antonio Skultz",
        "email": "skultz@ed.edu",
        "body": "Basically not maybe"
    },
    {
        "postId": 4,
        "id": 4,
        "name": "Mario Nuss",
        "email": "marionuss@ent.org",
        "body": "Thou shall not and not thou"
    },
    {
        "postId": "1",
        "id": 5,
        "name": "Mario Summ",
        "email": "mariosumm@gmail.com",
        "body": "1123123"
    },
    {
        "postId": 4,
        "id": 13,
        "name": "Mario Summ",
        "email": "mariosumm@gmail.com",
        "body": "im not okay"
    },
    {
        "postId": 1,
        "id": 14,
        "name": "Mario Summ",
        "email": "mariosumm@gmail.com",
        "body": "test"
    },
    {
        "postId": 1,
        "id": 15,
        "name": "snickerdoodle",
        "email": "snickerdoodle@gmail.com",
        "body": "i like your post"
    }
]