[
    {
        "id": 1,
        "name": "Mario Summ",
        "username": "mariosumm",
        "email": "mariosumm@gmail.com",
        "address": {
            "street": "Kahilakon",
            "barangay": "Himi",
            "city": "Crying Buds"
        }
    },
    {
        "id": 2,
        "name": "Emily Laff",
        "username": "emilylaff",
        "email": "emilylaff@gmail.com",
        "address": {
            "street": "Muboon",
            "barangay": "Putot",
            "city": "Giants"
        }
    },
    {
        "id": 3,
        "name": "snickerdoodle",
        "username": "snickerdoodle",
        "email": "snickerdoodle@gmail.com",
        "address": {
            "street": "123",
            "barangay": "123",
            "city": "123"
        }
    }
]